days_to_departure,date,cabin_type,total_inventory,base_price,demand_index,elasticity,daily_shock,inventory_pressure,price_floor,price_cap,price,demand_shock,bookings,remaining_inventory,daily_revenue,cumulative_revenue,pct_sold
90,2025-10-21,Balcony,100,500,0.05119593535077894,0.9,0.05633476584307606,0.0,450,1000,525.0,2.004444696425072,0,100,0.0,0.0,0.0
90,2025-10-21,Outside,200,350,0.054752558961407426,1.2,-0.05305951140215763,0.0,320,750,351.0,1.9185073145566207,8,200,2808.0,2808.0,0.0
90,2025-10-21,Interior,300,250,0.0443820318609869,1.4,-0.048535391237905894,0.0,250,600,263.0,1.0557159379105487,2,300,526.0,526.0,0.0
89,2025-10-22,Interior,300,250,0.043721013904122294,1.4,-0.024348432130577673,0.0,250,600,265.0,1.1112123976563368,10,298,2650.0,3176.0,0.7
89,2025-10-22,Outside,200,350,0.048496284660942225,1.2,-0.052824103191586085,0.0,320,750,351.0,0.9257950817282867,1,192,351.0,3159.0,4.0
89,2025-10-22,Balcony,100,500,0.05997531132569021,0.9,-0.026784743994790333,0.0,450,1000,507.0,0.9490898278228813,2,100,1014.0,1014.0,0.0
88,2025-10-23,Outside,200,350,0.05093669945028061,1.2,-0.056808519957940486,0.0,320,750,356.0,0.8352834616174885,3,191,1068.0,4227.0,4.5
88,2025-10-23,Balcony,100,500,0.059956574105239094,0.9,-0.03465980815038438,0.0,450,1000,509.0,0.7953019858521645,1,98,509.0,1523.0,2.0
88,2025-10-23,Interior,300,250,0.040304716513496555,1.4,0.05058501147872029,0.0,250,600,264.0,0.8041799462448825,4,288,1056.0,4232.0,4.0
87,2025-10-24,Outside,200,350,0.05128776984501245,1.2,-0.05004759493892781,0.0,320,750,358.0,1.18923864835948,4,188,1432.0,5659.0,6.0
87,2025-10-24,Balcony,100,500,0.054502100812494236,0.9,-0.04737309354046655,0.0,450,1000,525.0,0.7664833668720369,2,97,1050.0,2573.0,3.0
87,2025-10-24,Interior,300,250,0.05025413526784607,1.4,-0.026672300351860776,0.0,250,600,259.0,0.7504130940261604,6,284,1554.0,5786.0,5.3
86,2025-10-25,Outside,200,350,0.05325363743938186,1.2,-0.018447496525468884,0.0,320,750,367.0,1.557762122599194,5,184,1835.0,7494.0,8.0
86,2025-10-25,Balcony,100,500,0.054362503191930055,0.9,-0.014196353269603397,0.0,450,1000,528.0,0.6662799299316636,0,95,0.0,2573.0,5.0
86,2025-10-25,Interior,300,250,0.0653724911978877,1.4,-0.06072431901054635,0.0,250,600,259.0,1.1110198794352548,7,278,1813.0,7599.0,7.3
85,2025-10-26,Balcony,100,500,0.07167837584144857,0.9,0.05013343787423982,0.0,450,1000,526.0,0.9091349254416818,2,95,1052.0,3625.0,5.0
85,2025-10-26,Outside,200,350,0.07179097405801035,1.2,-0.06614791355870564,0.0,320,750,375.0,0.6300462524047339,0,179,0.0,7494.0,10.5
85,2025-10-26,Interior,300,250,0.0562617706939029,1.4,-0.027301526168132226,0.0,250,600,268.0,0.9291446868595421,10,271,2680.0,10279.0,9.7
84,2025-10-27,Balcony,100,500,0.0652940055530298,0.9,-0.04299066372475501,0.0,450,1000,531.0,0.921230300483758,0,93,0.0,3625.0,7.0
84,2025-10-27,Outside,200,350,0.06315846453710103,1.2,0.011121348480914839,0.0,320,750,385.0,1.0606500976985749,2,179,770.0,8264.0,10.5
84,2025-10-27,Interior,300,250,0.06691572066612886,1.4,-0.05316315316688642,0.0,250,600,264.0,0.9460929130795412,5,261,1320.0,11599.0,13.0
83,2025-10-28,Balcony,100,500,0.07026380803248146,0.9,-0.03510454346510621,0.0,450,1000,543.0,1.2257543262336819,0,93,0.0,3625.0,7.0
83,2025-10-28,Interior,300,250,0.0722436417149414,1.4,0.02673267466966111,0.0,250,600,269.0,0.8111929977014845,2,256,538.0,12137.0,14.7
83,2025-10-28,Outside,200,350,0.056987524280576705,1.2,0.038233294206686586,0.0,320,750,385.0,0.7245342169917017,1,177,385.0,8649.0,11.5
82,2025-10-29,Balcony,100,500,0.07089864219389448,0.9,0.0750320218685454,0.0,450,1000,543.0,1.3925896395604704,1,93,543.0,4168.0,7.0
82,2025-10-29,Outside,200,350,0.060856725450256194,1.2,0.027831492765584307,0.0,320,750,375.0,0.49509534741122463,2,176,750.0,9399.0,12.0
82,2025-10-29,Interior,300,250,0.05685174700259848,1.4,-0.07694862918788503,0.0,250,600,269.0,0.8251098450009554,3,254,807.0,12944.0,15.3
81,2025-10-30,Interior,300,250,0.05760399083974266,1.4,0.01662778159569736,0.0,250,600,279.0,0.6765170070103469,2,251,558.0,13502.0,16.3
81,2025-10-30,Outside,200,350,0.06626417372384177,1.2,0.006421776859188722,0.0,320,750,373.0,0.9584782761749062,5,174,1865.0,11264.0,13.0
81,2025-10-30,Balcony,100,500,0.061414044776525775,0.9,0.03279042438440757,0.0,450,1000,539.0,1.0114071095375017,2,92,1078.0,5246.0,8.0
80,2025-10-31,Interior,300,250,0.06770731961641495,1.4,0.030602193839880717,0.0,250,600,277.0,1.9740870923186025,6,249,1662.0,15164.0,17.0
80,2025-10-31,Outside,200,350,0.05003788826260713,1.2,-0.033159553350440414,0.0,320,750,378.0,0.999973566035668,0,169,0.0,11264.0,15.5
80,2025-10-31,Balcony,100,500,0.05717422781712273,0.9,-0.026366052427865917,0.0,450,1000,537.0,0.8755477270849388,1,90,537.0,5783.0,10.0
79,2025-11-01,Interior,300,250,0.06681078057053122,1.4,0.024444942002236444,0.0,250,600,275.0,1.2737915061831107,7,243,1925.0,17089.0,19.0
79,2025-11-01,Outside,200,350,0.07850136101825772,1.2,-0.005760533899211708,0.0,320,750,391.0,0.8257419398565485,3,169,1173.0,12437.0,15.5
79,2025-11-01,Balcony,100,500,0.07059122624117503,0.9,0.05266422383454209,0.0,450,1000,547.0,0.809920654064279,0,89,0.0,5783.0,11.0
78,2025-11-02,Balcony,100,500,0.06774094707785068,0.9,0.013705519254769111,0.0,450,1000,549.0,1.4420274356793392,2,89,1098.0,6881.0,11.0
78,2025-11-02,Interior,300,250,0.07429471585002921,1.4,-0.028173685885150332,0.0,250,600,270.0,0.8402918127506612,5,236,1350.0,18439.0,21.3
78,2025-11-02,Outside,200,350,0.07938525455052751,1.2,0.03002439667473925,0.0,320,750,396.0,0.6181192322525105,1,166,396.0,12833.0,17.0
77,2025-11-03,Outside,200,350,0.07060659233570021,1.2,0.047036430873384286,0.0,320,750,394.0,1.375766751778894,4,165,1576.0,14409.0,17.5
77,2025-11-03,Balcony,100,500,0.06352412729038144,0.9,0.02720286131469719,0.0,450,1000,544.0,0.8473222133222915,1,87,544.0,7425.0,13.0
77,2025-11-03,Interior,300,250,0.0789690947019209,1.4,-0.005057502548385375,0.0,250,600,273.0,1.7643334507317459,13,231,3549.0,21988.0,23.0
76,2025-11-04,Balcony,100,500,0.08208212389556208,0.9,0.05499962525976797,0.0,450,1000,535.0,0.8646186107966516,2,86,1070.0,8495.0,14.0
76,2025-11-04,Outside,200,350,0.08394960265507598,1.2,0.025608747216793883,0.0,320,750,396.0,0.7438056138909858,1,161,396.0,14805.0,19.5
76,2025-11-04,Interior,300,250,0.0762904251018266,1.4,-0.040198686135284156,0.0,250,600,275.0,1.31061420811109,1,218,275.0,22263.0,27.3
75,2025-11-05,Balcony,100,500,0.08547438803497251,0.9,-0.026785885905740985,0.0,450,1000,516.0,1.205300346893561,0,84,0.0,8495.0,16.0
75,2025-11-05,Outside,200,350,0.10172272858013495,1.2,-0.009946234015398932,0.0,320,750,393.0,0.9964947293901173,2,160,786.0,15591.0,20.0
75,2025-11-05,Interior,300,250,0.08198788801159741,1.4,-0.005217787559384949,0.0,250,600,274.0,0.915886244429237,5,217,1370.0,23633.0,27.7
74,2025-11-06,Outside,200,350,0.10386179247833659,1.2,0.0274480274421164,0.0,320,750,392.0,1.5873943710127456,4,158,1568.0,17159.0,21.0
74,2025-11-06,Interior,300,250,0.09317354513540595,1.4,-0.0005441554270140403,0.0,250,600,278.0,1.1426184354421962,5,212,1390.0,25023.0,29.3
74,2025-11-06,Balcony,100,500,0.07388472895684432,0.9,-0.032706731983149905,0.0,450,1000,510.0,0.6692257090380994,1,84,510.0,9005.0,16.0
73,2025-11-07,Balcony,100,500,0.08074135413210323,0.9,-0.05518899914634998,0.0,450,1000,523.0,1.227354831970364,3,83,1569.0,10574.0,17.0
73,2025-11-07,Outside,200,350,0.10304387003653417,1.2,-0.01502999643927705,0.0,320,750,388.0,0.6907553831115356,1,154,388.0,17547.0,23.0
73,2025-11-07,Interior,300,250,0.07862913577378916,1.4,-0.0538543024294896,0.0,250,600,279.0,1.7588910712925894,8,207,2232.0,27255.0,31.0
72,2025-11-08,Interior,300,250,0.09098723347942615,1.4,0.020928737651305266,0.0,250,600,284.0,0.7175056052613561,2,199,568.0,27823.0,33.7
72,2025-11-08,Balcony,100,500,0.098798259369404,0.9,-0.07021607378203226,0.0,450,1000,532.0,1.7481750409509142,1,80,532.0,11106.0,20.0
72,2025-11-08,Outside,200,350,0.10041856890599861,1.2,-0.017067590799752043,0.0,320,750,400.0,1.311143950386285,6,153,2400.0,19947.0,23.5
71,2025-11-09,Interior,300,250,0.11025242601399,1.4,-0.013944300589540397,0.0,250,600,282.0,1.0135474226900945,6,197,1692.0,29515.0,34.3
71,2025-11-09,Outside,200,350,0.10782092102637743,1.2,-0.0077045994317636235,0.0,320,750,404.0,0.6212618129190326,2,147,808.0,20755.0,26.5
71,2025-11-09,Balcony,100,500,0.10382298709172617,0.9,0.017965424534388687,0.0,450,1000,545.0,1.1029410017423513,0,79,0.0,11106.0,21.0
70,2025-11-10,Interior,300,250,0.08947885940375262,1.4,-0.005814541726168414,0.0,250,600,283.0,1.3958322071070648,4,191,1132.0,30647.0,36.3
70,2025-11-10,Outside,200,350,0.10467990757219099,1.2,0.07474905827359234,0.0,320,750,407.0,1.0452758031875662,1,145,407.0,21162.0,27.5
70,2025-11-10,Balcony,100,500,0.10001952523960529,0.9,-0.020748154061559977,0.0,450,1000,549.0,1.0167076964669586,1,79,549.0,11655.0,21.0
69,2025-11-11,Outside,200,350,0.1144685200837239,1.2,-0.004116424570506823,0.0,320,750,395.0,0.6666796929973539,1,144,395.0,21557.0,28.0
69,2025-11-11,Interior,300,250,0.08696185957449148,1.4,-0.002495941943292262,0.0,250,600,279.0,1.325903003073051,4,187,1116.0,31763.0,37.7
69,2025-11-11,Balcony,100,500,0.10835210387956876,0.9,-0.011305135376280941,0.0,450,1000,549.0,1.1558685798509851,3,78,1647.0,13302.0,22.0
68,2025-11-12,Outside,200,350,0.10124096323714911,1.2,0.02164925188790691,0.0,320,750,392.0,0.9800877755405402,8,143,3136.0,24693.0,28.5
68,2025-11-12,Interior,300,250,0.10412866572538049,1.4,0.0056970234005176,0.0,250,600,287.0,0.7496492806558108,5,183,1435.0,33198.0,39.0
68,2025-11-12,Balcony,100,500,0.0912358830243688,0.9,0.053603948141457386,0.0,450,1000,534.0,0.6843490477611762,0,75,0.0,13302.0,25.0
67,2025-11-13,Outside,200,350,0.11219088884330605,1.2,-0.02041371495224483,0.0,320,750,390.0,0.7847390078248461,2,135,780.0,25473.0,32.5
67,2025-11-13,Balcony,100,500,0.0982630610205751,0.9,-0.017910857014089728,0.0,450,1000,529.0,1.985127955712036,3,75,1587.0,14889.0,25.0
67,2025-11-13,Interior,300,250,0.10930891019518453,1.4,-0.06277024509577854,0.0,250,600,290.0,1.4556032378780228,4,178,1160.0,34358.0,40.7
66,2025-11-14,Interior,300,250,0.12368074629250594,1.4,0.03751401189446824,0.0,250,600,292.0,1.4565386003396013,9,174,2628.0,36986.0,42.0
66,2025-11-14,Outside,200,350,0.09864580207082439,1.2,-0.014266522442933756,0.0,320,750,400.0,0.7222390706930323,0,133,0.0,25473.0,33.5
66,2025-11-14,Balcony,100,500,0.08727853593184595,0.9,-0.07580702372317276,0.0,450,1000,535.0,1.1110396968667369,0,72,0.0,14889.0,28.0
65,2025-11-15,Balcony,100,500,0.11311506363245405,0.9,0.007190062630852609,0.0,450,1000,549.0,1.5084914071077884,0,72,0.0,14889.0,28.0
65,2025-11-15,Interior,300,250,0.12646983735274253,1.4,0.003509218554663056,0.0,250,600,286.0,0.585271454801822,5,165,1430.0,38416.0,45.0
65,2025-11-15,Outside,200,350,0.10993792928959895,1.2,-0.0013475692616375656,0.0,320,750,403.0,0.7933087996267206,0,133,0.0,25473.0,33.5
64,2025-11-16,Outside,200,350,0.09942051234306103,1.2,0.06876138724338014,0.0,320,750,402.0,1.4480144678169138,4,133,1608.0,27081.0,33.5
64,2025-11-16,Interior,300,250,0.10852212776569908,1.4,-0.041606515239179284,0.0,250,600,281.0,0.9662506040057166,2,160,562.0,38978.0,46.7
64,2025-11-16,Balcony,100,500,0.1333090900646859,0.9,-0.01295439135141385,0.0,450,1000,541.0,0.8778363379437483,0,72,0.0,14889.0,28.0
63,2025-11-17,Balcony,100,500,0.1323424359512578,0.9,-0.03724008015498895,0.0,450,1000,535.0,1.0972772514783273,3,72,1605.0,16494.0,28.0
63,2025-11-17,Interior,300,250,0.1140207847233664,1.4,-0.007531874339746675,0.0,250,600,294.0,0.9904356007762701,3,158,882.0,39860.0,47.3
63,2025-11-17,Outside,200,350,0.1427958591726319,1.2,-0.036000342792366434,0.0,320,750,390.0,0.6127906895199121,0,129,0.0,27081.0,35.5
62,2025-11-18,Interior,300,250,0.12262204108556767,1.4,-0.04890947838995142,0.0,250,600,297.0,0.9563352411871531,4,155,1188.0,41048.0,48.3
62,2025-11-18,Balcony,100,500,0.11733361378490222,0.9,-0.03830327355026536,0.0,450,1000,540.0,0.7589207311253043,0,69,0.0,16494.0,31.0
62,2025-11-18,Outside,200,350,0.11285880709724536,1.2,-0.015732434071246276,0.0,320,750,395.0,0.4893223787762551,0,129,0.0,27081.0,35.5
61,2025-11-19,Interior,300,250,0.11502672325695289,1.4,0.08225869364900885,0.0,250,600,308.0,0.5759804864282569,2,151,616.0,41664.0,49.7
61,2025-11-19,Balcony,100,500,0.13305097537023974,0.9,-0.045133221927271754,0.0,450,1000,553.0,1.4906759652461492,3,69,1659.0,18153.0,31.0
61,2025-11-19,Outside,200,350,0.15821845839601562,1.2,-0.07553969521547262,0.0,320,750,395.0,0.9332961337837662,1,129,395.0,27476.0,35.5
60,2025-11-20,Outside,200,350,0.11818353838528264,1.2,0.02693965112393299,0.0,320,750,396.0,0.8852454377841167,3,128,1188.0,28664.0,36.0
60,2025-11-20,Interior,300,250,0.1509016225246997,1.4,-0.01605657713828059,0.0,250,600,309.0,0.741840861994078,2,149,618.0,42282.0,50.3
60,2025-11-20,Balcony,100,500,0.13778532729059145,0.9,-0.016550275255202498,0.0,450,1000,567.0,0.6403441051096059,1,66,567.0,18720.0,34.0
59,2025-11-21,Interior,300,250,0.1564034253270327,1.4,0.0270385357201191,0.0,250,600,311.0,1.0727559625350938,5,147,1555.0,43837.0,51.0
59,2025-11-21,Outside,200,350,0.1352349340918507,1.2,-0.03947215557161288,0.0,320,750,386.0,1.517298361959804,3,125,1158.0,29822.0,37.5
59,2025-11-21,Balcony,100,500,0.1543500980773264,0.9,0.00237164535578827,0.0,450,1000,563.0,1.3763578588499352,1,65,563.0,19283.0,35.0
58,2025-11-22,Balcony,100,500,0.1501537822953177,0.9,0.016782707035815782,0.0,450,1000,553.0,0.6138336662247611,0,64,0.0,19283.0,36.0
58,2025-11-22,Interior,300,250,0.12897525578226504,1.4,0.06976164348043336,0.0,250,600,314.0,1.4609977327815,5,142,1570.0,45407.0,52.7
58,2025-11-22,Outside,200,350,0.12494049145454597,1.2,-0.038709775827979125,0.0,320,750,400.0,1.045152949963619,5,122,2000.0,31822.0,39.0
57,2025-11-23,Interior,300,250,0.14389732964655721,1.4,0.008277100771330403,0.0,250,600,313.0,1.1347598820878986,5,137,1565.0,46972.0,54.3
57,2025-11-23,Outside,200,350,0.15917174255661565,1.2,-0.0900613994395148,0.0,320,750,408.0,0.5701742412141538,2,117,816.0,32638.0,41.5
57,2025-11-23,Balcony,100,500,0.11998562253317233,0.9,-0.023558821858827152,0.0,450,1000,550.0,0.8019440497119,2,64,1100.0,20383.0,36.0
56,2025-11-24,Outside,200,350,0.1948179855576988,1.2,0.005403106899387948,0.0,320,750,411.0,1.0169805551778195,1,115,411.0,33049.0,42.5
56,2025-11-24,Interior,300,250,0.16565260126215167,1.4,0.045246076212239576,0.0,250,600,317.0,1.105751283278774,5,132,1585.0,48557.0,56.0
56,2025-11-24,Balcony,100,500,0.1542574526461162,0.9,-0.04849075851584255,0.0,450,1000,566.0,1.1011660370839218,1,62,566.0,20949.0,38.0
55,2025-11-25,Interior,300,250,0.16042560956976645,1.4,0.027631090916625713,0.0,250,600,311.0,0.7720547621663478,4,127,1244.0,49801.0,57.7
55,2025-11-25,Balcony,100,500,0.13011052569489906,0.9,0.014402029123233467,0.0,450,1000,572.0,1.0608312441795025,0,61,0.0,20949.0,39.0
55,2025-11-25,Outside,200,350,0.1627503786809711,1.2,-0.019164917812574102,0.0,320,750,398.0,0.9176316853529558,1,114,398.0,33447.0,43.0
54,2025-11-26,Interior,300,250,0.17234304479760387,1.4,0.015076804577505225,0.0,250,600,311.0,0.8978780580207226,6,123,1866.0,51667.0,59.0
54,2025-11-26,Balcony,100,500,0.15822939201309455,0.9,0.031593121389371946,0.0,450,1000,567.0,1.7547192661804953,1,61,567.0,21516.0,39.0
54,2025-11-26,Outside,200,350,0.13876164363899246,1.2,-0.04474782404582291,0.0,320,750,404.0,0.567075292473398,3,113,1212.0,34659.0,43.5
53,2025-11-27,Outside,200,350,0.15833672909370217,1.2,-0.05223143465366561,0.0,320,750,423.0,1.018653835374142,2,110,846.0,35505.0,45.0
53,2025-11-27,Interior,300,250,0.1921425662831387,1.4,-0.040300352049407046,0.0,250,600,313.0,1.0417373419067804,6,117,1878.0,53545.0,61.0
53,2025-11-27,Balcony,100,500,0.17946814388723506,0.9,-0.03531315950888149,0.0,450,1000,554.0,1.0848344344521967,0,60,0.0,21516.0,40.0
52,2025-11-28,Interior,300,250,0.19458898234008484,1.4,-0.013843601354527777,0.0,250,600,320.0,1.215230035819633,6,111,1920.0,55465.0,63.0
52,2025-11-28,Outside,200,350,0.18161964186435695,1.2,0.004376126257650496,0.0,320,750,440.0,1.1283918575722967,2,108,880.0,36385.0,46.0
52,2025-11-28,Balcony,100,500,0.15247054774817465,0.9,-0.030903349294897603,0.0,450,1000,562.0,1.0122908162527204,1,60,562.0,22078.0,40.0
51,2025-11-29,Outside,200,350,0.21847874096237382,1.2,0.010058567361743766,0.0,320,750,435.0,2.2619373909220015,4,106,1740.0,38125.0,47.0
51,2025-11-29,Interior,300,250,0.1766097485565747,1.4,0.029792772495804632,0.0,250,600,322.0,1.3659099856408143,5,105,1610.0,57075.0,65.0
51,2025-11-29,Balcony,100,500,0.14568927441749097,0.9,-0.027791928604220098,0.0,450,1000,570.0,2.4496559367649318,2,59,1140.0,23218.0,41.0
50,2025-11-30,Balcony,100,500,0.1911562259371636,0.9,-0.00394738787238053,0.0,450,1000,584.0,1.5945901532300923,2,57,1168.0,24386.0,43.0
50,2025-11-30,Outside,200,350,0.17844762835418182,1.2,0.046442734305859344,0.0,320,750,434.0,0.6818158333298465,1,102,434.0,38559.0,49.0
50,2025-11-30,Interior,300,250,0.18366667787524762,1.4,0.03555971670379422,0.0,250,600,323.0,1.131218141838827,0,100,0.0,57075.0,66.7
49,2025-12-01,Outside,200,350,0.22669168799479839,1.2,-0.07095085413025407,0.0,320,750,437.0,0.45714892193097517,1,101,437.0,38996.0,49.5
49,2025-12-01,Balcony,100,500,0.19000053054460514,0.9,-0.016300503695658757,0.0,450,1000,579.0,1.228802286476384,0,55,0.0,24386.0,45.0
49,2025-12-01,Interior,300,250,0.2098885350556778,1.4,-0.008599321798555616,0.0,250,600,322.0,1.358303935462419,5,100,1610.0,58685.0,66.7
48,2025-12-02,Outside,200,350,0.21198609750969769,1.2,0.009815176290387672,0.0,320,750,439.0,0.9876154085543422,5,100,2195.0,41191.0,50.0
48,2025-12-02,Balcony,100,500,0.21147342477070438,0.9,-0.00673705726521891,0.0,450,1000,589.0,0.5592457518663745,0,55,0.0,24386.0,45.0
48,2025-12-02,Interior,300,250,0.21829740658920213,1.4,-0.011660268502614592,0.0,250,600,320.0,1.768607337418202,8,95,2560.0,61245.0,68.3
47,2025-12-03,Outside,200,350,0.187921752664538,1.2,0.061363611572154586,0.0,320,750,428.0,0.4679972844941681,0,95,0.0,41191.0,52.5
47,2025-12-03,Interior,300,250,0.19696848520285212,1.4,0.009761077525619785,0.0,250,600,327.0,0.5703228128213756,2,87,654.0,61899.0,71.0
47,2025-12-03,Balcony,100,500,0.18577754288508785,0.9,-0.021196563945347063,0.0,450,1000,592.0,1.0575046649931141,0,55,0.0,24386.0,45.0
46,2025-12-04,Outside,200,350,0.2227575649185706,1.2,-0.05236661257210327,0.0,320,750,429.0,0.6951090535509796,0,95,0.0,41191.0,52.5
46,2025-12-04,Balcony,100,500,0.232237519072707,0.9,-0.0003464186696634227,0.0,450,1000,603.0,1.2663068740755208,0,55,0.0,24386.0,45.0
46,2025-12-04,Interior,300,250,0.19949002745545535,1.4,-0.019638891302633875,0.0,250,600,334.0,1.2459671255137121,7,85,2338.0,64237.0,71.7
45,2025-12-05,Outside,200,350,0.21088131629558457,1.2,-0.07004281396769478,0.0,320,750,442.0,0.3760379144368526,1,95,442.0,41633.0,52.5
45,2025-12-05,Interior,300,250,0.23034772573096354,1.4,0.03907251929878441,0.0,250,600,342.0,1.013447828684552,2,78,684.0,64921.0,74.0
45,2025-12-05,Balcony,100,500,0.26342680013368086,0.9,-0.026634278680775503,0.0,450,1000,610.0,0.7578785104132061,2,55,1220.0,25606.0,45.0
44,2025-12-06,Outside,200,350,0.22252664100206754,1.2,0.03400411534097749,0.0,320,750,446.0,0.50968855729648,1,94,446.0,42079.0,53.0
44,2025-12-06,Interior,300,250,0.2657323766682857,1.4,0.0014376201001567413,0.0,250,600,346.0,0.8643989666056502,0,76,0.0,64921.0,74.7
44,2025-12-06,Balcony,100,500,0.21169718111341168,0.9,0.015314809561074609,0.0,450,1000,620.0,1.0577064128882026,1,53,620.0,26226.0,47.0
43,2025-12-07,Interior,300,250,0.24161834398092627,1.4,0.013018545127285223,0.0,250,600,349.0,1.5326947795724135,3,76,1047.0,65968.0,74.7
43,2025-12-07,Outside,200,350,0.2687392174871035,1.2,-0.008972511438836036,0.0,320,750,442.0,0.5790533413300395,6,93,2652.0,44731.0,53.5
43,2025-12-07,Balcony,100,500,0.24644941631011724,0.9,0.01927497028074861,0.0,450,1000,604.0,1.406277795325722,0,52,0.0,26226.0,48.0
42,2025-12-08,Interior,300,250,0.2603212860332515,1.4,0.04057215534133844,0.0,250,600,344.0,0.5953025831235025,0,73,0.0,65968.0,75.7
42,2025-12-08,Outside,200,350,0.2413671325150531,1.2,-0.06835967106196814,0.0,320,750,454.0,0.6110698551149901,1,87,454.0,45185.0,56.5
42,2025-12-08,Balcony,100,500,0.2578484656907854,0.9,0.029141416033405348,0.0,450,1000,592.0,0.6570368674085834,1,52,592.0,26818.0,48.0
41,2025-12-09,Outside,200,350,0.24884491111682588,1.2,-0.021199554568580574,0.0,320,750,462.0,1.5390342756994535,4,86,1848.0,47033.0,57.0
41,2025-12-09,Balcony,100,500,0.25860910399603054,0.9,-0.0977230314351726,0.0,450,1000,582.0,0.7668071463291418,2,51,1164.0,27982.0,49.0
41,2025-12-09,Interior,300,250,0.2943343902566648,1.4,-0.003950392234668529,0.0,250,600,330.0,0.9212613147542172,2,73,660.0,66628.0,75.7
40,2025-12-10,Balcony,100,500,0.2263801514087462,0.9,-0.027541941298542177,0.0,450,1000,607.0,1.069315595986288,2,49,1214.0,29196.0,51.0
40,2025-12-10,Outside,200,350,0.271076057294938,1.2,0.06792235968989002,0.0,320,750,477.0,0.6429942455828022,2,82,954.0,47987.0,59.0
40,2025-12-10,Interior,300,250,0.27028766779823665,1.4,-0.055214052946171974,0.0,250,600,332.0,1.8228733269805015,7,71,2324.0,68952.0,76.3
39,2025-12-11,Balcony,100,500,0.27710875452321904,0.9,-0.029805888874343732,0.0,450,1000,634.0,1.964899996971391,0,47,0.0,29196.0,53.0
39,2025-12-11,Outside,200,350,0.24474295055855738,1.2,-0.0182570382457437,0.0,320,750,462.0,0.7679959978710341,2,80,924.0,48911.0,60.0
39,2025-12-11,Interior,300,250,0.22138115502654762,1.4,-0.04339075085012328,0.0,250,600,341.0,1.780841938299789,5,64,1705.0,70657.0,78.7
38,2025-12-12,Outside,200,350,0.26681650975013893,1.2,0.060678947129864456,0.0,320,750,468.0,1.407651267324566,3,78,1404.0,50315.0,61.0
38,2025-12-12,Interior,300,250,0.29737525491051675,1.4,0.0049743453047566165,0.0,250,600,356.0,1.7767111206773285,6,59,2136.0,72793.0,80.3
38,2025-12-12,Balcony,100,500,0.32057617527978166,0.9,-0.02346463803408855,0.0,450,1000,655.0,0.9432253099174588,2,47,1310.0,30506.0,53.0
37,2025-12-13,Interior,300,250,0.28714889020810763,1.4,0.0061716020220748445,0.0,250,600,360.0,0.9423200217693949,1,53,360.0,73153.0,82.3
37,2025-12-13,Balcony,100,500,0.2856693377681482,0.9,0.06080665768826128,0.0,450,1000,640.0,0.8926412321594211,0,45,0.0,30506.0,55.0
37,2025-12-13,Outside,200,350,0.29191173657286884,1.2,-0.045889485649609416,0.0,320,750,473.0,0.9590312935898643,0,75,0.0,50315.0,62.5
36,2025-12-14,Interior,300,250,0.3052310213338473,1.4,0.007561737696564401,0.0,250,600,372.0,1.2241269352448718,3,52,1116.0,74269.0,82.7
36,2025-12-14,Balcony,100,500,0.3212433081760674,0.9,0.0361722488053857,0.0,450,1000,637.0,1.406402704821737,1,45,637.0,31143.0,55.0
36,2025-12-14,Outside,200,350,0.3224125632666163,1.2,-0.04327276493162479,0.0,320,750,485.0,1.4703994449745759,1,75,485.0,50800.0,62.5
35,2025-12-15,Balcony,100,500,0.27730374700314536,0.9,-0.06557587870163105,0.0,450,1000,632.0,1.5517952906099344,1,44,632.0,31775.0,56.0
35,2025-12-15,Outside,200,350,0.3588506051303281,1.2,0.006458254536305419,0.0,320,750,488.0,0.5248141162132679,0,74,0.0,50800.0,63.0
35,2025-12-15,Interior,300,250,0.28342604390013176,1.4,0.047999505943304537,0.0,250,600,371.0,0.9968888609001886,3,49,1113.0,75382.0,83.7
34,2025-12-16,Outside,200,350,0.31312384688496414,1.2,0.012404900825061047,0.0,320,750,493.0,0.7873132493798956,1,74,493.0,51293.0,63.0
34,2025-12-16,Interior,300,250,0.3245090507892464,1.4,0.071406752540659,0.0,250,600,380.0,0.8091633797244286,3,46,1140.0,76522.0,84.7
34,2025-12-16,Balcony,100,500,0.2881851168089892,0.9,0.04681817189445814,0.0,450,1000,646.0,1.078680784744335,1,43,646.0,32421.0,57.0
33,2025-12-17,Outside,200,350,0.3082115353446492,1.2,-0.015944956989356017,0.0,320,750,506.0,1.7046302175652157,3,73,1518.0,52811.0,63.5
33,2025-12-17,Interior,300,250,0.33037053654539095,1.4,-0.022035728204685693,0.0,250,600,374.0,0.7882501720096015,0,43,0.0,76522.0,85.7
33,2025-12-17,Balcony,100,500,0.33529795500595344,0.9,0.004418124371622615,0.0,450,1000,648.0,1.5931620813367189,3,42,1944.0,34365.0,58.0
32,2025-12-18,Interior,300,250,0.35802614286400536,1.4,0.0445360671214352,0.0,250,600,382.0,1.2988703745795644,3,43,1146.0,77668.0,85.7
32,2025-12-18,Balcony,100,500,0.35473253115174147,0.9,-0.05027335250134726,0.0,450,1000,647.0,0.9215240554049742,3,39,1941.0,36306.0,61.0
32,2025-12-18,Outside,200,350,0.3948107934984692,1.2,0.005719601126686453,0.0,320,750,515.0,0.8239120295057177,3,70,1545.0,54356.0,65.0
31,2025-12-19,Balcony,100,500,0.36079960437100084,0.9,0.002632251298513253,0.0,450,1000,648.0,1.0335024905241577,2,36,1296.0,37602.0,64.0
31,2025-12-19,Outside,200,350,0.34188434478453716,1.2,0.06518136778043068,0.0,320,750,507.0,1.4859816211512238,1,67,507.0,54863.0,66.5
31,2025-12-19,Interior,300,250,0.3340703645803537,1.4,0.010479567871333641,0.0,250,600,374.0,0.6407528714650387,0,40,0.0,77668.0,86.7
30,2025-12-20,Balcony,100,500,0.41921160677503466,0.9,-0.05611956350891358,0.0,450,1000,651.0,1.3311136171830595,2,34,1302.0,38904.0,66.0
30,2025-12-20,Outside,200,350,0.4215747296050129,1.2,-0.050501749711352795,0.0,320,750,508.0,1.5525322245234512,2,66,1016.0,55879.0,67.0
30,2025-12-20,Interior,300,250,0.3713176729428379,1.4,0.005175420951059303,0.0,250,600,378.0,1.016586916288038,3,40,1134.0,78802.0,86.7
29,2025-12-21,Balcony,100,500,0.28309150267045363,0.9,0.004162429400411199,0.0,450,1000,675.0,1.0906708434800036,1,32,675.0,39579.0,68.0
29,2025-12-21,Interior,300,250,0.3666966732651128,1.4,-0.025507685552529673,0.0,250,600,389.0,0.4651105890655924,4,37,1556.0,80358.0,87.7
29,2025-12-21,Outside,200,350,0.35948122146244804,1.2,-0.013060705864748943,0.0,320,750,516.0,0.773865565556716,2,64,1032.0,56911.0,68.0
28,2025-12-22,Interior,300,250,0.3716549349651664,1.4,0.006638278978967067,0.0,250,600,389.0,0.9460008395704382,2,33,778.0,81136.0,89.0
28,2025-12-22,Balcony,100,500,0.3792875783002966,0.9,0.0023474975379963953,0.0,450,1000,705.0,1.19361921413174,2,31,1410.0,40989.0,69.0
28,2025-12-22,Outside,200,350,0.35477950912943107,1.2,0.06407630604067713,0.0,320,750,522.0,1.3642499786796405,0,62,0.0,56911.0,69.0
27,2025-12-23,Interior,300,250,0.4224902869578056,1.4,0.0425769075364363,0.0,250,600,379.0,1.1388666925954813,5,31,1895.0,83031.0,89.7
27,2025-12-23,Balcony,100,500,0.40535125149775675,0.9,0.05795614446503044,0.0,450,1000,715.0,0.708391583641075,0,29,0.0,40989.0,71.0
27,2025-12-23,Outside,200,350,0.41377376223970674,1.2,-0.001573173385796615,0.0,320,750,527.0,1.3613759577304088,0,62,0.0,56911.0,69.0
26,2025-12-24,Balcony,100,500,0.4286320829136959,0.9,0.039321335850369635,0.0,450,1000,720.0,1.580699937554191,1,29,720.0,41709.0,71.0
26,2025-12-24,Outside,200,350,0.4150490190615793,1.2,-0.023949270667137174,0.0,320,750,536.0,1.5808796906150098,2,62,1072.0,57983.0,69.0
26,2025-12-24,Interior,300,250,0.42873982622239304,1.4,-0.07481589914988804,0.0,250,600,379.0,0.9467446108018903,2,26,758.0,83789.0,91.3
25,2025-12-25,Outside,200,350,0.4228947616862485,1.2,0.03726118453551863,0.0,320,750,569.0,0.9429358471174847,3,60,1707.0,59690.0,70.0
25,2025-12-25,Interior,300,250,0.29417713670412254,1.4,-0.006863840210268622,0.0,250,600,398.0,1.3150229808867815,2,24,796.0,84585.0,92.0
25,2025-12-25,Balcony,100,500,0.4297806560289427,0.9,0.015402644111090841,0.0,450,1000,731.0,1.8232381304204854,1,28,731.0,42440.0,72.0
24,2025-12-26,Outside,200,350,0.439536007298828,1.2,0.024522709121153733,0.0,320,750,565.0,0.9474587685448491,0,57,0.0,59690.0,71.5
24,2025-12-26,Interior,300,250,0.4339950867736245,1.4,0.037835079348521365,0.0,250,600,421.0,0.8687013294950107,3,22,1263.0,85848.0,92.7
24,2025-12-26,Balcony,100,500,0.4809307247859475,0.9,0.02694595735255001,0.0,450,1000,728.0,1.0021124926850837,1,27,728.0,43168.0,73.0
23,2025-12-27,Outside,200,350,0.5667946214927625,1.2,0.039458960748037605,0.0,320,750,549.0,0.981689198762643,3,57,1647.0,61337.0,71.5
23,2025-12-27,Balcony,100,500,0.49653447512305104,0.9,0.039752268285456395,0.0,450,1000,713.0,0.5971767395894695,3,26,2139.0,45307.0,74.0
23,2025-12-27,Interior,300,250,0.4367734976808782,1.4,0.059698215486062,0.0,250,600,422.0,1.077997470648099,4,19,1688.0,87536.0,93.7
22,2025-12-28,Balcony,100,500,0.4761495898086245,0.9,-0.026382403530891847,0.0,450,1000,696.0,1.082411666819088,1,23,696.0,46003.0,77.0
22,2025-12-28,Interior,300,250,0.4800023604848758,1.4,0.0008167503514230646,0.0,250,600,432.0,0.66299050776926,1,15,432.0,87968.0,95.0
22,2025-12-28,Outside,200,350,0.47037920111367754,1.2,-0.023274008392674902,0.0,320,750,552.0,0.985048282225817,1,54,552.0,61889.0,73.0
21,2025-12-29,Balcony,100,500,0.5104243176729658,0.9,-0.05228712753217143,0.0,450,1000,766.0,0.9633523254911565,0,22,0.0,46003.0,78.0
21,2025-12-29,Interior,300,250,0.45113249985235393,1.4,0.0300377838875872,0.0,250,600,447.0,1.3644045740745638,1,14,447.0,88415.0,95.3
21,2025-12-29,Outside,200,350,0.4918576856034943,1.2,-0.09753842256180095,0.0,320,750,579.0,0.9053021854452913,2,53,1158.0,63047.0,73.5
20,2025-12-30,Balcony,100,500,0.49930443522812906,0.9,-0.10525752147233336,0.08,450,1000,821.0,1.1276550429772858,0,22,0.0,46003.0,78.0
20,2025-12-30,Interior,300,250,0.5431717776953021,1.4,-0.0385301474351516,0.08,250,600,480.0,1.4635678195868824,1,13,480.0,88895.0,95.7
20,2025-12-30,Outside,200,350,0.5431793846666844,1.2,-0.009904855147744682,0.08,320,750,632.0,0.95262015700938,2,51,1264.0,64311.0,74.5
19,2025-12-31,Balcony,100,500,0.6163977930805713,0.9,0.07938329593834266,0.08,450,1000,852.0,1.4533280531974002,0,22,0.0,46003.0,78.0
19,2025-12-31,Interior,300,250,0.455651050238583,1.4,0.0503488521035733,0.08,250,600,485.0,0.8573703798445381,0,12,0.0,88895.0,96.0
19,2025-12-31,Outside,200,350,0.49530218171933016,1.2,0.024007009453183754,0.08,320,750,615.0,0.8312587233523753,1,49,615.0,64926.0,75.5
18,2026-01-01,Interior,300,250,0.5979883589958431,1.4,0.042488578756911276,0.08,250,600,487.0,0.7114894330253431,1,12,487.0,89382.0,96.0
18,2026-01-01,Outside,200,350,0.5690967890832256,1.2,0.04121517324608112,0.08,320,750,619.0,0.9789468411045481,0,48,0.0,64926.0,76.0
18,2026-01-01,Balcony,100,500,0.5070309220924495,0.9,0.0900270412412347,0.08,450,1000,822.0,0.9756189427784221,0,22,0.0,46003.0,78.0
17,2026-01-02,Outside,200,350,0.49616531122447777,1.2,-0.060138335969975774,0.08,320,750,612.0,0.8242441187009742,0,48,0.0,64926.0,76.0
17,2026-01-02,Interior,300,250,0.5676204998727042,1.4,-0.022838323474297196,0.08,250,600,473.0,0.7779289809802065,0,11,0.0,89382.0,96.3
17,2026-01-02,Balcony,100,500,0.5360960160386973,0.9,-0.009294295859709594,0.08,450,1000,801.0,1.464240136899841,1,22,801.0,46804.0,78.0
16,2026-01-03,Outside,200,350,0.5654307496247726,1.2,-0.010273814440977887,0.08,320,750,644.0,1.472841208373796,0,48,0.0,64926.0,76.0
16,2026-01-03,Interior,300,250,0.5722614581689471,1.4,-0.03299968215388642,0.08,250,600,477.0,0.772832936734184,1,11,477.0,89859.0,96.3
16,2026-01-03,Balcony,100,500,0.6427649101530324,0.9,-0.04200875961032361,0.08,450,1000,810.0,0.7874403541261012,0,21,0.0,46804.0,79.0
15,2026-01-04,Interior,300,250,0.5204805832535002,1.4,0.02271520269815988,0.08,250,600,499.0,0.9912673028455257,2,10,998.0,90857.0,96.7
15,2026-01-04,Balcony,100,500,0.5231516195163206,0.9,-0.0010769036227308967,0.08,450,1000,834.0,1.4997885118291598,1,21,834.0,47638.0,79.0
15,2026-01-04,Outside,200,350,0.5540395390547644,1.2,0.02051931398394897,0.08,320,750,654.0,0.42797405092881,0,48,0.0,64926.0,76.0
14,2026-01-05,Balcony,100,500,0.5267272062822381,0.9,0.03008134673069125,0.08,450,1000,858.0,0.5395530285738804,0,20,0.0,47638.0,80.0
14,2026-01-05,Outside,200,350,0.6348684951356018,1.2,-0.0056820290851673175,0.08,320,750,675.0,0.9866771195891134,1,48,675.0,65601.0,76.0
14,2026-01-05,Interior,300,250,0.5494960158426457,1.4,0.012463260135315202,0.08,250,600,526.0,1.880528234532885,2,8,1052.0,91909.0,97.3
13,2026-01-06,Balcony,100,500,0.6528041936135245,0.9,0.03718337879770845,0.08,450,1000,872.0,0.9582855051440664,1,20,872.0,48510.0,80.0
13,2026-01-06,Outside,200,350,0.632342179776546,1.2,-0.010617824995830933,0.08,320,750,675.0,0.8705286807754685,1,47,675.0,66276.0,76.5
13,2026-01-06,Interior,300,250,0.6972209966632198,1.4,0.002785629979414238,0.08,250,600,536.0,0.8037968646902374,0,6,0.0,91909.0,98.0
12,2026-01-07,Outside,200,350,0.6412169938514214,1.2,0.05349815302564851,0.08,320,750,692.0,3.490526995215634,3,46,2076.0,68352.0,77.0
12,2026-01-07,Interior,300,250,0.6919430114220706,1.4,0.05043285076907047,0.08,250,600,544.0,0.7246745742708302,0,6,0.0,91909.0,98.0
12,2026-01-07,Balcony,100,500,0.7395292310951062,0.9,-0.039610987572779276,0.08,450,1000,897.0,0.9670757412647348,1,19,897.0,49407.0,81.0
11,2026-01-08,Interior,300,250,0.6795718797023805,1.4,-0.0213778883216679,0.08,250,600,529.0,1.7055804330677258,2,6,1058.0,92967.0,98.0
11,2026-01-08,Outside,200,350,0.7342121018930211,1.2,-0.06805984378990769,0.08,320,750,689.0,0.9223630051157152,2,43,1378.0,69730.0,78.5
11,2026-01-08,Balcony,100,500,0.679241323165144,0.9,-0.009542600728144248,0.08,450,1000,912.0,0.9759264201983023,0,18,0.0,49407.0,82.0
10,2026-01-09,Interior,300,250,0.7373733711771822,1.4,0.01664495257910503,0.08,250,600,551.0,1.3235603975108996,2,4,1102.0,94069.0,98.7
10,2026-01-09,Outside,200,350,0.7365700165304742,1.2,-0.005312046980478995,0.08,320,750,690.0,1.160519268165108,4,41,2760.0,72490.0,79.5
10,2026-01-09,Balcony,100,500,0.7344424394060016,0.9,0.07723403468193207,0.08,450,1000,914.0,1.364609202989119,0,18,0.0,49407.0,82.0
9,2026-01-10,Interior,300,250,0.6686397199264779,1.4,-0.01623373500445427,0.08,250,600,560.0,1.0341420485289237,1,2,560.0,94629.0,99.3
9,2026-01-10,Outside,200,350,0.7731086919592406,1.2,-0.04354034221955717,0.08,320,750,699.0,1.1001616879049263,0,37,0.0,72490.0,81.5
9,2026-01-10,Balcony,100,500,0.7171893057678418,0.9,0.022740168266715023,0.08,450,1000,902.0,0.9576326243012736,0,18,0.0,49407.0,82.0
8,2026-01-11,Interior,300,250,0.8142192033198429,1.4,0.005997353139926417,0.08,250,600,571.0,0.4786790488274938,1,1,571.0,95200.0,99.7
8,2026-01-11,Outside,200,350,0.6010627656426972,1.2,0.021985703832015417,0.08,320,750,693.0,1.2989906457434008,2,37,1386.0,73876.0,81.5
8,2026-01-11,Balcony,100,500,0.6537109350176846,0.9,0.0121515172314476,0.08,450,1000,916.0,0.5737725305903099,0,18,0.0,49407.0,82.0
7,2026-01-12,Outside,200,350,0.9394128580853625,1.2,-0.08489195532170367,0.08,320,750,721.0,1.1470888708760216,3,35,2163.0,76039.0,82.5
7,2026-01-12,Balcony,100,500,0.8580169972245903,0.9,-0.02904456110069384,0.08,450,1000,931.0,0.37687583003830444,0,18,0.0,49407.0,82.0
7,2026-01-12,Interior,300,250,0.8206704411953953,1.4,0.009750630421234955,0.08,250,600,576.0,1.4402509639942023,0,0,0.0,95200.0,100.0
6,2026-01-13,Balcony,100,500,0.8795367579932111,0.9,-0.01793566553843765,0.08,450,1000,949.0,1.6919865585503564,0,18,0.0,49407.0,82.0
6,2026-01-13,Outside,200,350,0.6801972182490006,1.2,-0.013918573517397058,0.08,320,750,726.0,1.909674832515946,3,32,2178.0,78217.0,84.0
6,2026-01-13,Interior,300,250,0.7628563963483496,1.4,-0.023612996718114575,0.08,250,600,581.0,0.7281076777267956,0,0,0.0,95200.0,100.0
5,2026-01-14,Balcony,100,500,0.8562415510160815,0.9,-0.0452656370700461,0.08,450,1000,951.0,0.8905688132442205,0,18,0.0,49407.0,82.0
5,2026-01-14,Outside,200,350,0.8964837574169541,1.2,0.024035300347680772,0.08,320,750,750.0,0.8744189163002958,1,29,750.0,78967.0,85.5
5,2026-01-14,Interior,300,250,0.8396605024113981,1.4,0.016512750467507643,0.08,250,600,590.0,0.5757354120857303,0,0,0.0,95200.0,100.0
4,2026-01-15,Outside,200,350,1.1341043241716726,1.2,0.02343072554668285,0.08,320,750,750.0,0.6702977825029306,1,28,750.0,79717.0,86.0
4,2026-01-15,Interior,300,250,0.8777675887593319,1.4,0.027472176271787132,0.08,250,600,591.0,1.2339246758854527,0,0,0.0,95200.0,100.0
4,2026-01-15,Balcony,100,500,0.8746368412075611,0.9,0.018630802641528662,0.08,450,1000,980.0,1.532957873601476,0,18,0.0,49407.0,82.0
3,2026-01-16,Interior,300,250,0.8904283156384276,1.4,-0.056715779521186775,0.08,250,600,591.0,0.4875612079083295,0,0,0.0,95200.0,100.0
3,2026-01-16,Balcony,100,500,0.8520368324284658,0.9,0.0033038167814508045,0.08,450,1000,986.0,0.8475667284364824,0,18,0.0,49407.0,82.0
3,2026-01-16,Outside,200,350,0.8938482874483132,1.2,0.017623292011559974,0.08,320,750,750.0,1.3101561419602243,1,27,750.0,80467.0,86.5
2,2026-01-17,Interior,300,250,1.0281346089431929,1.4,0.03843520300855376,0.08,250,600,600.0,0.9016397997470441,0,0,0.0,95200.0,100.0
2,2026-01-17,Balcony,100,500,0.9949998693526597,0.9,0.06352271542377047,0.08,450,1000,1000.0,0.6018547754547738,1,18,1000.0,50407.0,82.0
2,2026-01-17,Outside,200,350,0.902413020007852,1.2,0.07137427181205214,0.08,320,750,750.0,1.1540462655237296,1,26,750.0,81217.0,87.0
1,2026-01-18,Interior,300,250,0.9947433637501691,1.4,0.004505766889597122,0.08,250,600,600.0,0.7894535341300324,0,0,0.0,95200.0,100.0
1,2026-01-18,Balcony,100,500,1.0078565476121242,0.9,0.02527793136037331,0.08,450,1000,1000.0,0.6768781661105763,1,17,1000.0,51407.0,83.0
1,2026-01-18,Outside,200,350,1.0851183756934482,1.2,-7.498766903082295e-05,0.08,320,750,750.0,1.3578844446431848,1,25,750.0,81967.0,87.5
